0.0,2.1071893302409647e-06
1.0,2.6549472225871795e-06
2.0,6.083157796955485e-06
3.0,4.713436983895162e-06
4.0,2.588011066654472e-06
5.0,2.4731969496394876e-06
6.0,0.0
7.0,0.0
8.0,2.6275059717745617e-06
9.0,1.3128309494195541e-05
10.0,1.5480951798018182e-05
11.0,2.4600312779317788e-05
12.0,1.493046463245009e-05
13.0,2.1056673322349837e-05
14.0,1.5018723337599015e-05
15.0,1.7425183376782705e-05
16.0,1.77558157140225e-05
17.0,2.2417733687341708e-05
18.0,2.1228879503237512e-05
19.0,1.3668152523177633e-05
20.0,2.050079598527159e-05
21.0,1.806535689858141e-05
22.0,2.5383717553673686e-05
23.0,2.2883055109159895e-05
24.0,2.3161499540368276e-05
25.0,1.748905349887351e-05
26.0,1.2705295017697581e-05
27.0,1.663668831895953e-05
28.0,1.172478280726517e-05
29.0,1.9874978433051868e-05
30.0,1.8414828235596297e-05
31.0,2.0720117145918025e-05
32.0,2.4697495093431978e-05
33.0,2.874649373003966e-05
34.0,2.16185408878095e-05
35.0,2.6532681565874857e-05
36.0,2.4423361718643827e-05
37.0,2.7574179745418216e-05
38.0,2.9600211263718804e-05
39.0,3.562634169203619e-05
40.0,2.8590067748935743e-05
41.0,2.7495637230612017e-05
42.0,2.4666905232528826e-05
43.0,3.2845769519968907e-05
44.0,3.562326960343133e-05
45.0,3.265548073976277e-05
46.0,3.037276289779616e-05
47.0,2.9892140743188816e-05
48.0,2.6818972924263228e-05
49.0,2.8500812661993202e-05
50.0,2.5196436716238023e-05
51.0,2.6280244842235996e-05
52.0,3.684258243240498e-05
53.0,3.4937873892522997e-05
54.0,2.268392167300907e-05
55.0,2.5471186744245194e-05
56.0,2.6701436742585294e-05
57.0,2.4751861668375615e-05
58.0,4.1277112954368736e-05
59.0,2.3473708192413645e-05
60.0,2.2824833340490588e-05
61.0,2.526478115973759e-05
62.0,3.717661163275694e-05
63.0,2.7399257632915808e-05
64.0,2.8107037537544728e-05
65.0,3.2811432869756276e-05
66.0,3.169276997597662e-05
67.0,3.5252504376295504e-05
68.0,3.1182304213399027e-05
69.0,3.569741880121644e-05
70.0,4.127682862118919e-05
71.0,2.9794488652126364e-05
72.0,3.1592442164343725e-05
73.0,3.6914120437122114e-05
74.0,4.54026207166847e-05
75.0,6.107257888876697e-05
76.0,4.110938141664526e-05
77.0,4.365399575006527e-05
78.0,3.6754232242464085e-05
79.0,5.5569318432107745e-05
80.0,5.4246726465453056e-05
81.0,4.720490395070118e-05
82.0,5.991502958951875e-05
83.0,4.336985521870436e-05
84.0,5.2532439904870924e-05
85.0,5.0989769129982186e-05
86.0,4.2358866475961995e-05
87.0,3.9841860909474366e-05
88.0,3.951611000561407e-05
89.0,5.9923188754171624e-05
90.0,4.6297560270821274e-05
91.0,6.090389909970173e-05
92.0,5.264667546386449e-05
93.0,5.9410675397514644e-05
94.0,5.171901044263216e-05
95.0,5.152883574527265e-05
96.0,4.64146115624766e-05
97.0,6.569089060495802e-05
98.0,5.7723329907241665e-05
99.0,5.261482121775106e-05
100.0,5.644595649671083e-05
101.0,5.4936423259365454e-05
102.0,5.0459195042894615e-05
103.0,5.752016209386589e-05
104.0,5.660822598187532e-05
105.0,6.459586139046231e-05
106.0,5.7356227330563415e-05
107.0,5.168295373486242e-05
108.0,5.0818379387842655e-05
109.0,5.777480004827172e-05
110.0,6.127116416838042e-05
111.0,5.185429351527265e-05
112.0,5.252567207248674e-05
113.0,5.9060800869448755e-05
114.0,5.2325852108969225e-05
115.0,5.618970482246351e-05
116.0,6.120453261620774e-05
117.0,6.463447358274357e-05
118.0,7.185871267622747e-05
119.0,7.015279232978291e-05
120.0,6.56717908372336e-05
121.0,5.2882910978502634e-05
122.0,5.651450661647604e-05
123.0,5.50474567069271e-05
124.0,5.860447070021394e-05
125.0,6.20400338476429e-05
126.0,5.357675737668763e-05
127.0,6.60243179359632e-05
128.0,7.943178694815011e-05
129.0,8.14795778174596e-05
130.0,7.800348099763524e-05
131.0,7.841850859819446e-05
132.0,6.850504301359202e-05
133.0,6.548316177182429e-05
134.0,6.468141695691074e-05
135.0,5.0067081662605145e-05
136.0,5.099841202852489e-05
137.0,6.631774890943912e-05
138.0,8.375109516499542e-05
139.0,8.045688926636607e-05
140.0,8.916431332896109e-05
141.0,8.50761376617661e-05
142.0,5.605254872042656e-05
143.0,7.411733528139533e-05
144.0,8.245198976897246e-05
145.0,6.190056295259035e-05
146.0,7.298067290278189e-05
147.0,8.56423887679752e-05
148.0,8.427525199671577e-05
149.0,8.190844109365008e-05
150.0,8.4185317775709e-05
151.0,9.358444517813114e-05
152.0,8.850096182541397e-05
153.0,8.9365909906586e-05
154.0,9.310373943861097e-05
155.0,8.801296220411868e-05
156.0,9.959944824496603e-05
157.0,8.895460209205501e-05
158.0,4.186967801026363e-05
159.0,0.0
160.0,0.0
161.0,4.0396209960007514e-05
162.0,0.00010875643080527652
163.0,9.357842724934937e-05
164.0,0.000104355106934539
165.0,0.0001001532994699516
166.0,0.00010659906907830127
167.0,0.0001166348320385048
168.0,0.00011975550421926208
169.0,0.00012575367979133958
170.0,0.00011598937594485958
171.0,0.00011992954080398036
172.0,0.0001349424037195549
173.0,0.00011533937987487436
174.0,0.00011459110780327245
175.0,0.00011792037576897024
176.0,0.00012782106317759051
177.0,0.00012991240691493698
178.0,0.00011885396473040702
179.0,0.00011858595958219168
180.0,0.00012028018109693562
181.0,9.914764787627673e-05
182.0,0.0001316762586152967
183.0,0.00011772112508444043
184.0,0.0001590199973003513
185.0,0.00012925917660984467
186.0,0.00012859871033617967
187.0,0.00013927519283375044
188.0,0.00013058304419963533
189.0,0.00011205453497544562
190.0,7.491477603021933e-05
191.0,0.0
192.0,0.0
193.0,1.9380028732978596e-05
194.0,0.0001319876476362366
195.0,0.0001372586214914489
196.0,0.00014441342504113648
197.0,1.312826805894516e-05
198.0,0.0
199.0,0.0
200.0,0.0
201.0,0.0
202.0,0.0
203.0,0.0
204.0,0.0
205.0,0.0
206.0,0.0
207.0,0.0
208.0,0.0
209.0,4.1500481799922054e-05
210.0,8.149103548320587e-05
211.0,8.689439801112043e-05
212.0,7.937614040523101e-05
213.0,7.913849380220875e-05
214.0,8.424353043775542e-05
215.0,9.479029407596724e-05
216.0,7.222580768537895e-05
217.0,7.380203866020092e-05
218.0,7.578331967496742e-05
219.0,7.649361288420176e-05
220.0,8.052366786443936e-05
221.0,7.374961476347988e-05
222.0,6.660930729930959e-05
223.0,6.457434567678853e-05
224.0,4.353754885743815e-05
225.0,4.679497122721639e-05
226.0,0.0001790684082307996
227.0,0.00023826754775831517
228.0,0.0002460852340273921
229.0,0.00019546603085413106
230.0,1.3503603340742424e-05
231.0,4.664852612164471e-06
232.0,4.599690778750745e-06
233.0,4.920121820727278e-06
234.0,0.00015079164103256077
235.0,0.00024838079930183086
236.0,0.00022063760462778226
237.0,0.00023206007395343357
238.0,1.6171532832001362e-05
239.0,7.471637506353917e-05
240.0,5.857295472762228e-05
241.0,7.984933582931504e-05
242.0,7.502590104148773e-05
243.0,9.209605120414835e-05
244.0,8.633980882971967e-05
245.0,8.077924924776218e-05
246.0,8.762626809607218e-05
247.0,9.364448706120039e-05
248.0,8.696653061647405e-05
249.0,8.573056208863855e-05
250.0,9.020294623464737e-05
251.0,8.141931477937938e-05
252.0,8.514684664095076e-05
253.0,7.714882434775506e-05
254.0,7.742971650513245e-05
255.0,7.633805689882155e-05
256.0,8.065148831966025e-05
257.0,6.031975296333096e-05
258.0,5.752807050187854e-05
259.0,7.861742023736828e-05
260.0,0.0002720331307126496
261.0,0.00025757876082342304
262.0,0.0002762548397580609
263.0,9.657250274413123e-05
264.0,4.996506975156479e-06
265.0,5.016321356230463e-06
266.0,5.323880925865403e-06
267.0,6.927644659936749e-05
268.0,0.0002471211890240711
269.0,0.00023635654361822271
270.0,0.00026096011021807075
271.0,0.0001250535219389953
272.0,5.3963242613144714e-05
273.0,6.469119533296213e-05
274.0,8.879112813100853e-05
275.0,9.715655340104544e-05
276.0,8.615938568239906e-05
277.0,0.00011030798819815353
278.0,0.0001007337360859371
279.0,9.313165855468813e-05
280.0,9.638296300347144e-05
281.0,9.712647382743783e-05
282.0,0.000108204378209268
283.0,0.00010135086606235735
284.0,0.00010252035998774206
285.0,9.318671448489815e-05
286.0,9.640173252299056e-05
287.0,0.00010508629233425861
288.0,8.830835736693998e-05
289.0,9.022774638243745e-05
290.0,7.658277022627282e-05
291.0,5.3632842091102094e-05
292.0,4.51257107038884e-05
293.0,0.00024308563085644473
294.0,0.00029354458522174294
295.0,0.0003056132115351679
296.0,0.00025757525838494697
297.0,1.568017552456574e-05
298.0,5.698263078336936e-06
299.0,5.676092761628902e-06
300.0,6.642248852754624e-06
301.0,0.00017033206855849878
302.0,0.0002745074012596034
303.0,0.0002795312445910497
304.0,0.000279166969249977
305.0,2.263415193748531e-05
306.0,8.048966431914437e-05
307.0,7.913604527858108e-05
308.0,9.106398867448538e-05
309.0,8.943934346644284e-05
310.0,0.00010451155659431503
311.0,0.0001066331283575828
312.0,0.00010395800784811862
313.0,9.797423222694947e-05
314.0,0.0001199266778806696
315.0,0.00010753056159230091
316.0,0.00010213044232985972
317.0,0.00010358046991129544
318.0,9.875589399221874e-05
319.0,0.000114884128101041
320.0,0.00010839012160871202
321.0,8.909657500360892e-05
322.0,9.785752828366095e-05
323.0,8.971671598113955e-05
324.0,8.102448729374923e-05
325.0,9.298998122153213e-05
326.0,0.00011620285811737253
327.0,0.00032318321005080807
328.0,0.0003292717268842996
329.0,0.0002673232868917891
330.0,9.733924567583025e-05
331.0,5.96166727973451e-06
332.0,5.9925885326516e-06
333.0,5.666734414557583e-06
334.0,9.721939396843038e-05
335.0,0.0002553263700912518
336.0,0.00027969156426143726
337.0,0.00025160137327129636
338.0,0.00013677865887288428
339.0,6.913825366346355e-05
340.0,6.929753255300641e-05
341.0,0.00010789572606125769
342.0,0.00010085710209347103
343.0,0.00011093018264761086
344.0,0.00010185523097198512
345.0,0.00010499827545521124
346.0,0.00010951715999141786
347.0,0.00010318218258294281
348.0,9.75768844334045e-05
349.0,0.00010227331169724302
350.0,0.000109229653303947
351.0,0.00012689472225595218
352.0,0.00010485894384518539
353.0,0.00011454024981220334
354.0,0.0001021097573167494
355.0,8.519370037308361e-05
356.0,9.323391237260504e-05
357.0,7.933337404960931e-05
358.0,6.712510263171231e-05
359.0,4.269119893127488e-05
360.0,0.00024377297859735697
361.0,0.00031539712060379066
362.0,0.00029315189948445606
363.0,0.0002612842497832704
364.0,1.4433625651022305e-05
365.0,7.658317062218477e-06
366.0,6.803860942455687e-06
367.0,8.39125767265887e-06
368.0,0.0002455687596999739
369.0,0.00029684529111168544
370.0,0.0002826219594512444
371.0,0.0002764525860946852
372.0,2.8220862144081364e-05
373.0,8.379695145999694e-05
374.0,9.907629145750978e-05
375.0,0.00010617903768414538
376.0,0.00011434072025904325
377.0,0.00011130090121275736
378.0,0.00010875646389581072
379.0,0.00011570343944708666
380.0,0.0001153272932153014
381.0,0.00011553760850682378
382.0,0.00011196322237542742
383.0,0.00012591480608150797
384.0,0.00013264281493893814
385.0,0.00012655005937742392
386.0,0.00013186855490475888
387.0,0.00011742929763200634
388.0,0.00010891280654925392
389.0,0.00010328935818455083
390.0,0.0001012418155117383
391.0,7.853835565775891e-05
392.0,9.18739182485313e-05
393.0,0.00014586275296141766
394.0,0.0003486081877690336
395.0,0.00035596169656004176
396.0,0.00036114392144396553
397.0,0.00013774448239161794
398.0,6.045486757278444e-06
399.0,6.4771452147904995e-06
400.0,6.398072166908116e-06
401.0,0.00012133686543124155
402.0,0.00033910285563711084
403.0,0.0003551064170669891
404.0,0.00035703104812253694
405.0,0.00016095462218455457
406.0,8.305260291080936e-05
407.0,7.06153351057516e-05
408.0,0.00010278206035281741
409.0,0.00011139043470662649
410.0,0.00010969848699017725
411.0,0.00013013790539025764
412.0,0.00012258366621960254
413.0,0.0001266514287376025
414.0,0.00011625950220010447
415.0,0.00012388556723251076
416.0,0.00012329018974095753
417.0,0.00012466007961227672
418.0,0.00011843366185963118
419.0,0.0001264853478323831
420.0,0.0001354658974852141
421.0,0.0001263585544358517
422.0,0.0001254620386782667
423.0,0.00011818884484353934
424.0,0.00010634263097628005
425.0,8.31502295826859e-05
426.0,4.490818624036013e-05
427.0,0.00032489137926462297
428.0,0.00033988453856400035
429.0,0.0003628308526683891
430.0,0.0002869517910011236
431.0,1.3090239579002438e-05
432.0,7.17101022670005e-06
433.0,7.629961449790009e-06
434.0,1.1506013275402334e-05
435.0,0.00028386094358233356
436.0,0.00038251886574539685
437.0,0.00033495196698604153
438.0,0.0003373276334024323
439.0,3.947665503764825e-05
440.0,9.563779705072141e-05
441.0,9.51866005688798e-05
442.0,0.00011139672831449956
443.0,0.0001137091104718703
444.0,0.00012641293084067327
445.0,0.0001350731899270847
446.0,0.00012307186749798237
447.0,0.00012833015334129071
448.0,0.00011873408866425068
449.0,0.00011466528672374237
450.0,0.00012562514784160572
451.0,0.00012971431379318478
452.0,0.00013766167820764447
453.0,0.00013602997895902018
454.0,0.0001307677684126426
455.0,0.00012800913739041136
456.0,0.0001092039066956953
457.0,0.00011884569027582952
458.0,8.955682494737603e-05
459.0,9.61383956636926e-05
460.0,0.00014466106397704318
461.0,0.0003237075840430361
462.0,0.00035080280116508804
463.0,0.0003320306238480755
464.0,0.00011291536271440884
465.0,7.2747709115096075e-06
466.0,6.879699354119044e-06
467.0,6.9464758946306545e-06
468.0,0.00014929599447956638
469.0,0.00036296173131258733
470.0,0.00037999393690638566
471.0,0.00038550863878522866
472.0,0.00015654186624476917
473.0,9.097343777609517e-05
474.0,7.961656438025289e-05
475.0,0.00011489510442320278
476.0,0.00010810759256711353
477.0,0.00012833056474519463
478.0,0.000123786310634529
479.0,0.00013252433992947074
480.0,0.00012086773037886708
481.0,0.00012841212962333155
482.0,0.0001236081507695811
483.0,0.00011878302516264553
484.0,0.0001220733262168134
485.0,0.00011816070959012407
486.0,0.0001235698073497864
487.0,0.00011629247956635694
488.0,0.0001281674095317533
489.0,0.00010921515804027624
490.0,0.00011245755688534468
491.0,0.00010926768256221235
492.0,8.662800540397875e-05
493.0,4.6396688929900515e-05
494.0,0.00034372923529818656
495.0,0.0003896225110984473
496.0,0.00034839217068600596
497.0,0.00027454427496376106
498.0,1.223475858200254e-05
499.0,7.769120843393848e-06
500.0,6.677677849970735e-06
501.0,1.0336588328496454e-05
502.0,0.00024362750802469146
503.0,0.0003352278197876304
504.0,0.00030931468626089705
505.0,0.0003347559256699387
506.0,5.044359726091512e-05
507.0,9.466854323035147e-05
508.0,0.00011053100640949384
509.0,0.0001212304700167396
510.0,0.00012629589982974182
511.0,0.00013299408316965781
512.0,0.00013275757186054997
513.0,0.00013297829054195092
514.0,0.00013847824548570117
515.0,0.00012722671182731473
516.0,0.000121509416544128
517.0,0.00013841679034729183
518.0,0.00012359720540819659
519.0,0.00012512200845277044
520.0,0.00012422274348048606
521.0,0.00012858768794299372
522.0,0.00011985416059260826
523.0,0.00011779292705527029
524.0,0.00012239902758694006
525.0,7.473005547867111e-05
526.0,7.417202083980444e-05
527.0,0.00016843475929834118
528.0,0.00036949071872793507
529.0,0.0003593746379621701
530.0,0.0003649879407569322
531.0,0.00014444413431604955
532.0,7.613883204704632e-06
533.0,7.71482414054031e-06
534.0,7.660727609835443e-06
535.0,0.00015184704316933918
536.0,0.00031794360525594736
537.0,0.00036378625146896046
538.0,0.0003509663409945299
539.0,0.00013767506556000596
540.0,8.038635286232588e-05
541.0,8.113775831798216e-05
542.0,0.00011910741976111017
543.0,0.00011326933676725456
544.0,0.00011530757272069892
545.0,0.00013040555537928038
546.0,0.00011965306068372526
547.0,0.000135036316705539
548.0,0.00012163581869709687
549.0,0.0001392063489021693
550.0,0.00013398921595543002
551.0,0.0001300788591412953
552.0,0.000139856296913749
553.0,0.0001296925764328895
554.0,0.0001250304454467793
555.0,0.00011983882669828132
556.0,0.00011150173633935779
557.0,0.00010722977864074009
558.0,9.798782562372367e-05
559.0,9.305212886480011e-05
560.0,3.596852860846022e-05
561.0,0.00031392018045955434
562.0,0.0003308310456116952
563.0,0.00038182201998975793
564.0,0.0002319936208323707
565.0,1.0192423953258684e-05
566.0,6.7140203863453985e-06
567.0,7.208981602605934e-06
568.0,1.1921204952608504e-05
569.0,0.0002726043149501173
570.0,0.00033003625692669874
571.0,0.00032453847941446107
572.0,0.00029903249274492556
573.0,4.206036595129037e-05
574.0,7.358135389208427e-05
575.0,0.00010822995457427552
576.0,0.0001161484152572256
577.0,0.00011657531736845449
578.0,0.00012383902447078867
579.0,0.00011961993387329224
580.0,0.00012528784619425515
581.0,0.00012473968242004884
582.0,0.00012553430300938742
583.0,0.0001281740272750268
584.0,0.00010516270383972743
585.0,0.00010645386543522048
586.0,0.00011192857659628011
587.0,0.00012908543237119871
588.0,0.00012843783975831013
589.0,0.0001186723266451278
590.0,0.00011256941928411251
591.0,0.00011504603262999465
592.0,7.888364542392247e-05
593.0,8.131050224664149e-05
594.0,0.00014481409044043146
595.0,0.00034760631131660626
596.0,0.00033835608098396183
597.0,0.00032991890875809743
598.0,0.00011209750169959399
599.0,6.6284766067880746e-06
600.0,6.7187214052440405e-06
601.0,6.544998929286719e-06
602.0,0.0001293458015593483
603.0,0.0003221037038329818
604.0,0.0003614413450383391
605.0,0.00032590463619850264
606.0,0.00011855731375126454
607.0,6.858334418325842e-05
608.0,8.513767959965805e-05
609.0,0.000118096156497379
610.0,0.00011895426080822387
611.0,0.00010742341335907992
612.0,0.0001235134582986918
613.0,0.0001278535274000934
614.0,0.00012220355869280213
615.0,0.0001202746074259729
616.0,0.0001233559672269884
617.0,0.0001269627120288594
618.0,0.00011976293980386316
619.0,0.00012140549864893141
620.0,0.0001311049827571175
621.0,0.00011675297447984101
622.0,0.00011760842757558024
623.0,0.00010787626544916546
624.0,0.00011453068238830548
625.0,0.00010284662190543654
626.0,8.487008163365615e-05
627.0,2.7955675415344248e-05
628.0,0.00032127293869955287
629.0,0.000339546964450141
630.0,0.00036333469540924905
631.0,0.0002581724298522626
632.0,6.944508908655151e-06
633.0,6.326621129472771e-06
634.0,6.697650316722237e-06
635.0,1.5928572027486946e-05
636.0,0.00027615559235928054
637.0,0.00034606418587986693
638.0,0.00032196096456287243
639.0,0.0002894470206778999
640.0,4.903414199964696e-05
641.0,6.229220078707628e-05
642.0,9.01888912302066e-05
643.0,0.00011061473012267831
644.0,0.0001094039309526515
645.0,0.00011815393980835868
646.0,0.00011368398622132802
647.0,0.00011795827822115451
648.0,0.00010856632540712112
649.0,0.00012097782142484389
650.0,0.00011519148535543054
651.0,0.000116436059998436
652.0,0.00011608069088699121
653.0,0.00011978050929808067
654.0,0.00012479079988544285
655.0,0.00011928502153488422
656.0,0.00010778247434829563
657.0,0.00010394457782886598
658.0,9.699343838788372e-05
659.0,7.898353424963009e-05
660.0,8.68415501892646e-05
661.0,0.0001508330495352354
662.0,0.0003004038499984947
663.0,0.0003008898224693021
664.0,0.00023398668898050036
665.0,9.039434811067725e-05
666.0,6.2068394855951774e-06
667.0,6.291566878111078e-06
668.0,5.941828545878846e-06
669.0,0.00011896580063142896
670.0,0.0002743922612522539
671.0,0.0002490698887347114
672.0,0.00032063349041249877
673.0,0.00010039118201241603
674.0,8.870420586145784e-05
675.0,6.982917043968587e-05
676.0,8.790381288625782e-05
677.0,9.644481338391582e-05
678.0,0.00010529234594642646
679.0,0.00011558886004754294
680.0,0.00011983302914545946
681.0,0.00010413246782632649
682.0,9.595466975117983e-05
683.0,0.00010993453773275059
684.0,0.0001063250407898832
685.0,0.00010447433693342306
686.0,0.00010763975074121464
687.0,0.00010373602732504159
688.0,9.626589559128611e-05
689.0,0.00010407593389827324
690.0,8.91351265227482e-05
691.0,9.571269636500874e-05
692.0,7.625165382786189e-05
693.0,7.688112827983716e-05
694.0,2.134899741784742e-05
695.0,0.00026650274242910285
696.0,0.00023877489084983203
697.0,0.00026588090187747
698.0,0.00016679157517810944
699.0,6.154648968170201e-06
700.0,6.179624396277356e-06
701.0,5.268008983016662e-06
702.0,1.5090602545352437e-05
703.0,0.00023045831763413043
704.0,0.00025748717268529806
705.0,0.00028004759423007125
706.0,0.00022517013495305474
707.0,4.4714853063902184e-05
708.0,5.4404200034684234e-05
709.0,8.753138005687394e-05
710.0,9.910723976846478e-05
711.0,9.329785479384562e-05
712.0,9.536263252495804e-05
713.0,9.772285181272612e-05
714.0,7.994484559150477e-05
715.0,9.055603827677553e-05
716.0,9.137452093781218e-05
717.0,7.761520744162976e-05
718.0,8.943364530047374e-05
719.0,8.476113958859167e-05
720.0,9.589002924844404e-05
721.0,7.995679367510213e-05
722.0,8.69970469660625e-05
723.0,8.997994392731049e-05
724.0,8.50629300663913e-05
725.0,8.448684040380506e-05
726.0,6.0265594876195687e-05
727.0,5.4916490323442785e-05
728.0,0.00013469657995895167
729.0,0.00027404137110851256
730.0,0.0002421581052328083
731.0,0.0002273906746156879
732.0,7.118705144882776e-05
733.0,5.728006606170756e-06
734.0,5.201358396769855e-06
735.0,5.1669245989283855e-06
736.0,0.00011147326869538026
737.0,0.000226690770545245
738.0,0.00023427223016900692
739.0,0.0002910113116151766
740.0,9.169835533185114e-05
741.0,7.61380866346495e-05
742.0,6.414071820197069e-05
743.0,7.731699952180543e-05
744.0,8.30985471047045e-05
745.0,9.054378943668615e-05
746.0,8.532704486450227e-05
747.0,9.191601311352621e-05
748.0,9.01922843802244e-05
749.0,8.648048999075264e-05
750.0,9.491757409054408e-05
751.0,8.725069741305203e-05
752.0,8.586045057222945e-05
753.0,8.759183020615527e-05
754.0,8.192687615527714e-05
755.0,9.257665027219593e-05
756.0,7.297866883689759e-05
757.0,6.503145949504905e-05
758.0,6.833386945278682e-05
759.0,5.9520534914017085e-05
760.0,6.285972157856012e-05
761.0,1.1844764947915674e-05
762.0,0.00024148838582755598
763.0,0.00022528734359528662
764.0,0.00023620275881129033
765.0,0.00014597369019030964
766.0,4.8048904605227795e-06
767.0,5.184946667797337e-06
768.0,4.7723992526101005e-06
769.0,1.370174352971705e-05
770.0,0.0001972786868393827
771.0,0.00023239990996314896
772.0,0.00021993136822648764
773.0,0.000181608655363339
774.0,3.831383587474193e-05
775.0,4.201880877148422e-05
776.0,5.780809813971517e-05
777.0,6.922849252015934e-05
778.0,8.769912185163187e-05
779.0,9.259146253630272e-05
780.0,8.568263891354604e-05
781.0,9.387153804214736e-05
782.0,7.506209650706332e-05
783.0,8.453186222758792e-05
784.0,8.244271974389099e-05
785.0,9.026509739315203e-05
786.0,8.616569336118415e-05
787.0,8.308925657385593e-05
788.0,8.029497142849742e-05
789.0,8.613937252598948e-05
790.0,4.8452537051888546e-05
791.0,0.0
792.0,0.0
793.0,0.0
794.0,0.0
795.0,0.0
796.0,0.0
797.0,0.0
798.0,0.0
799.0,0.0
800.0,0.0
801.0,0.0
802.0,1.2552823637779201e-05
803.0,0.00014128878860164432
804.0,0.00016747269633057602
805.0,0.00015711261624972727
806.0,1.80823633606438e-05
807.0,0.0
808.0,0.0
809.0,8.649704903526407e-05
810.0,0.00013743570627485697
811.0,0.00013519984904006183
812.0,0.0001375901375506478
813.0,0.00014420090153762638
814.0,0.00012411250094648376
815.0,0.00012620978462799635
816.0,0.00012803412243202802
817.0,0.0001318991890538334
818.0,0.00012806369430558653
819.0,0.00012066272463340385
820.0,0.0001266670752978466
821.0,0.00011669583672167532
822.0,0.0001288052307281775
823.0,0.00012269914199592287
824.0,0.00013617684761585067
825.0,0.00013937764661354972
826.0,0.00012629216494467206
827.0,0.0001148834184329325
828.0,0.00010700717145395759
829.0,0.0001096794635311515
830.0,0.00010033894683924118
831.0,0.00011289142668351446
832.0,0.00010765405872200794
833.0,9.734851327114435e-05
834.0,0.00011133217576425501
835.0,8.073885784601647e-05
836.0,9.385178269695405e-05
837.0,9.606400359607612e-05
838.0,3.4905347626764063e-05
839.0,0.0
840.0,0.0
841.0,3.261372932122349e-05
842.0,8.245610684836593e-05
843.0,0.00010823522795683174
844.0,9.506338369619069e-05
845.0,0.0001007407116896407
846.0,9.455564751462954e-05
847.0,7.973333279449443e-05
848.0,8.28555474516493e-05
849.0,7.056321961177578e-05
850.0,8.134996401361212e-05
851.0,7.544375562768163e-05
852.0,6.250643838767917e-05
853.0,6.060227598003318e-05
854.0,7.345055776389243e-05
855.0,8.510694849133163e-05
856.0,6.131968513449002e-05
857.0,5.8102132002947656e-05
858.0,5.7218823235881035e-05
859.0,4.827183383185951e-05
860.0,6.052212525520577e-05
861.0,8.401382752722345e-05
862.0,6.0648622624234674e-05
863.0,5.426655868968233e-05
864.0,6.20967516473329e-05
865.0,5.9789989330964163e-05
866.0,5.978717269978957e-05
867.0,5.562728168354222e-05
868.0,5.7289023124198425e-05
869.0,5.747065066897021e-05
870.0,5.362069193466314e-05
871.0,4.9084965775286424e-05
872.0,5.7427417094511616e-05
873.0,5.835099216666514e-05
874.0,4.74259588685289e-05
875.0,5.3113528567800854e-05
876.0,5.304319864016712e-05
877.0,4.70668952205694e-05
878.0,5.447762433292532e-05
879.0,5.918883623916921e-05
880.0,5.520560878707362e-05
881.0,6.057910297404099e-05
882.0,5.2837050315796095e-05
883.0,5.450616803930779e-05
884.0,5.846414806715592e-05
885.0,5.9182420629513523e-05
886.0,7.302429759780558e-05
887.0,5.501673051187946e-05
888.0,5.595964714205961e-05
889.0,5.059005868605766e-05
890.0,5.278105906531576e-05
891.0,5.129326764947144e-05
892.0,4.8072420154984124e-05
893.0,4.424123639360029e-05
894.0,4.0566702184714885e-05
895.0,4.694618549350413e-05
896.0,3.735893232266651e-05
897.0,5.208378744155945e-05
898.0,4.413790547732757e-05
899.0,4.517014318244729e-05
900.0,4.2024267431030794e-05
901.0,4.9673842709704614e-05
902.0,6.221091157498107e-05
903.0,4.5585187470974445e-05
904.0,5.5423676972806976e-05
905.0,5.67886568040271e-05
906.0,4.997481832878579e-05
907.0,3.899163584201591e-05
908.0,3.65275391208746e-05
909.0,4.265770464516002e-05
910.0,3.879462903340416e-05
911.0,3.779071336617749e-05
912.0,4.5950449374934574e-05
913.0,3.5128807865778885e-05
914.0,3.184917155397126e-05
915.0,4.438467421711137e-05
916.0,3.81488600107319e-05
917.0,3.8473997549676e-05
918.0,3.829078809628375e-05
919.0,2.918381056656481e-05
920.0,2.7461723999031625e-05
921.0,3.40420341786887e-05
922.0,4.6609701565352816e-05
923.0,4.385078879218708e-05
924.0,4.242520086669033e-05
925.0,3.553789951152129e-05
926.0,3.485933669729973e-05
927.0,3.696477079331465e-05
928.0,3.0437816426376994e-05
929.0,3.431510267524381e-05
930.0,4.063630561041181e-05
931.0,4.519958702645849e-05
932.0,3.6854187799792986e-05
933.0,3.2037036777245906e-05
934.0,2.7945013792264183e-05
935.0,3.0809183492972826e-05
936.0,3.467214829795392e-05
937.0,3.263439296583836e-05
938.0,2.3257223953026474e-05
939.0,2.0196038806935507e-05
940.0,3.413435579350433e-05
941.0,2.9827898020660798e-05
942.0,3.14175116678687e-05
943.0,3.441834316109822e-05
944.0,3.43848452288578e-05
945.0,2.8512097673785314e-05
946.0,2.3715705880485485e-05
947.0,2.1528319693792484e-05
948.0,2.4559525264661325e-05
949.0,2.125305374788408e-05
950.0,2.767030969131089e-05
951.0,2.7897258459959812e-05
952.0,3.197460659231789e-05
953.0,2.99923854977209e-05
954.0,2.4931507043831867e-05
955.0,2.019942626839085e-05
956.0,2.4678523878963325e-05
957.0,2.811044788591568e-05
958.0,2.82920912423271e-05
959.0,2.7323145093289447e-05
960.0,2.944221148473319e-05
961.0,2.329508352353476e-05
962.0,2.380423579546396e-05
963.0,2.6516373475658926e-05
964.0,2.0420419529447417e-05
965.0,1.782900962375261e-05
966.0,2.029281908093277e-05
967.0,1.6625799993208113e-05
968.0,1.698236053957454e-05
969.0,1.7309620848919296e-05
970.0,1.3296146014431773e-05
971.0,1.6461528788841555e-05
972.0,1.9727664251714813e-05
973.0,1.1105941059788939e-05
974.0,1.3841988247896726e-05
975.0,1.3323268207413375e-05
976.0,2.5144513478867124e-05
977.0,2.666943320312741e-05
978.0,2.2383291573909045e-05
979.0,2.0309033915452886e-05
980.0,1.7047865918551538e-05
981.0,1.3729146654165196e-05
982.0,2.0135736930447938e-05
983.0,2.3370548600418533e-05
984.0,1.548951712494883e-05
985.0,1.5005656990462778e-05
986.0,1.7112959169560605e-05
987.0,1.588129107395756e-05
988.0,1.6361950480180633e-05
989.0,2.092543867294609e-05
990.0,1.756191840845519e-05
991.0,7.72351573117799e-07
992.0,0.0
993.0,0.0
994.0,4.709569850398592e-06
995.0,5.623499104804753e-06
996.0,3.227553327145113e-06
997.0,2.1866237381841207e-06
998.0,3.1615518081286364e-06
999.0,2.752552307741838e-06
