0.0,1.4026964305719925e-05
1.0,1.227875469545469e-05
2.0,1.366555219506576e-05
3.0,1.0946369798437994e-05
4.0,1.3463693965869849e-05
5.0,9.250505626102207e-06
6.0,0.0
7.0,0.0
8.0,8.749734925390446e-06
9.0,0.00010008465510782679
10.0,9.741602234392413e-05
11.0,8.558716066913025e-05
12.0,8.493181617923079e-05
13.0,0.00010751779388208326
14.0,8.420453534425472e-05
15.0,8.526533416180625e-05
16.0,9.278293462026895e-05
17.0,9.765813818407771e-05
18.0,9.818089418475936e-05
19.0,8.28802801344017e-05
20.0,9.952820514541515e-05
21.0,9.692869854245523e-05
22.0,9.370394751447208e-05
23.0,9.263584481521275e-05
24.0,8.392970549418394e-05
25.0,9.728485515150522e-05
26.0,8.558299721681021e-05
27.0,0.00010258851064072586
28.0,0.00010078250758974037
29.0,0.00010964276217976915
30.0,9.812113262027956e-05
31.0,0.0001063287193167765
32.0,8.504480935939299e-05
33.0,0.00010423613631289425
34.0,0.00010102694336157173
35.0,9.437511809412396e-05
36.0,8.338101567630225e-05
37.0,9.263693679282312e-05
38.0,0.00010018605051657914
39.0,7.835637299676139e-05
40.0,8.736135875788423e-05
41.0,8.263826647561134e-05
42.0,8.361241524006939e-05
43.0,8.260394053624286e-05
44.0,7.772140634616988e-05
45.0,7.814519041797424e-05
46.0,8.95461248471368e-05
47.0,9.122226735368688e-05
48.0,8.658618467094896e-05
49.0,8.624907088187606e-05
50.0,8.138436818502646e-05
51.0,7.400456550765252e-05
52.0,8.84722366479059e-05
53.0,9.786746492882061e-05
54.0,8.808117535961191e-05
55.0,9.805608357966051e-05
56.0,8.555941852557405e-05
57.0,7.578648217021013e-05
58.0,9.333807942495422e-05
59.0,9.20191567337368e-05
60.0,8.486946547966091e-05
61.0,8.443815450744465e-05
62.0,7.858618433577535e-05
63.0,7.939455692463905e-05
64.0,8.878123873493705e-05
65.0,9.930059308441247e-05
66.0,8.789649719925529e-05
67.0,0.00010334876446376093
68.0,8.91637704054217e-05
69.0,8.142858652278739e-05
70.0,8.195788967099954e-05
71.0,7.70370780447732e-05
72.0,8.119902734178471e-05
73.0,6.899029661964709e-05
74.0,6.199558804250345e-05
75.0,8.155592646455429e-05
76.0,6.506551699977417e-05
77.0,7.390383519894127e-05
78.0,8.719465174020715e-05
79.0,7.011412538386068e-05
80.0,7.573952396437501e-05
81.0,8.405984158291152e-05
82.0,0.00010806232710564885
83.0,0.00010732062383679113
84.0,7.105294077503087e-05
85.0,7.541959208252009e-05
86.0,7.38712227668238e-05
87.0,7.481137613143241e-05
88.0,6.748234047734517e-05
89.0,8.33733456728781e-05
90.0,8.883883109266334e-05
91.0,9.093876984323342e-05
92.0,8.117246081311054e-05
93.0,0.00010084531071474133
94.0,8.749090414387226e-05
95.0,9.065976964323245e-05
96.0,6.947401482929782e-05
97.0,8.33290454546477e-05
98.0,7.317747579635965e-05
99.0,7.798326413765579e-05
100.0,8.678106517652444e-05
101.0,8.374649456655193e-05
102.0,8.265676950771306e-05
103.0,8.26706841897897e-05
104.0,7.298422696214673e-05
105.0,7.733321884533412e-05
106.0,6.786615068204901e-05
107.0,8.324650704753091e-05
108.0,7.106736273334368e-05
109.0,6.692003384795073e-05
110.0,7.700879792071018e-05
111.0,7.212595409486116e-05
112.0,7.83112041560122e-05
113.0,8.817783884238552e-05
114.0,8.999764041500235e-05
115.0,7.904149023175014e-05
116.0,8.604578111233941e-05
117.0,8.163018546457207e-05
118.0,7.373020380728691e-05
119.0,6.347491390725411e-05
120.0,7.150329117206279e-05
121.0,9.405414353263966e-05
122.0,7.235532888747076e-05
123.0,8.058406763889631e-05
124.0,7.843769218142224e-05
125.0,7.916267089513285e-05
126.0,6.12457327140302e-05
127.0,9.156172331919843e-05
128.0,6.97198812145609e-05
129.0,6.791799445361893e-05
130.0,6.334119035336365e-05
131.0,6.705382651885055e-05
132.0,7.043865588293017e-05
133.0,5.261062569509714e-05
134.0,6.29809718366367e-05
135.0,6.0885790881205744e-05
136.0,5.8199134944245424e-05
137.0,7.104600735202765e-05
138.0,0.00010164192873035428
139.0,5.7270565228582084e-05
140.0,6.44126995997027e-05
141.0,4.987517430136703e-05
142.0,7.0425786823612e-05
143.0,5.5248354584286416e-05
144.0,7.142007068051845e-05
145.0,6.696723636742066e-05
146.0,7.197959464464702e-05
147.0,8.907186995960082e-05
148.0,8.257525742750813e-05
149.0,8.645180125901084e-05
150.0,8.486750136893176e-05
151.0,6.731983659872999e-05
152.0,8.756453786572222e-05
153.0,8.219490733170155e-05
154.0,8.611288355313481e-05
155.0,8.604443620768929e-05
156.0,8.763056123571709e-05
157.0,9.30263744794483e-05
158.0,3.8521653833163256e-05
159.0,0.0
160.0,0.0
161.0,3.154608980600947e-05
162.0,0.00010891714823749598
163.0,0.00010581350378291116
164.0,0.00011885837142838094
165.0,9.639731420772697e-05
166.0,9.52764965501172e-05
167.0,0.00010015620252496703
168.0,0.00011731359362179551
169.0,0.00010745748622194416
170.0,0.00011495400369012198
171.0,0.0001152051689343784
172.0,0.00012772710647213797
173.0,0.00011134010136618747
174.0,0.00011576637744998268
175.0,0.00010643760110372651
176.0,8.571719490721655e-05
177.0,0.00012080073984191169
178.0,0.00011509970577125835
179.0,0.00012114842355966186
180.0,0.00011386491878465362
181.0,0.00012551323347332368
182.0,0.00010847011238705701
183.0,0.00010305395605882117
184.0,0.00010726336425401509
185.0,0.00010247419205892032
186.0,0.00010722331484502193
187.0,0.00011829950910382148
188.0,0.00011324509505657594
189.0,0.000131075800682167
190.0,6.911930897197326e-05
191.0,0.0
192.0,0.0
193.0,1.5955251826919268e-05
194.0,0.00011738325658465891
195.0,0.00013661540365376832
196.0,0.00014009856052299492
197.0,1.4516020845206567e-05
198.0,0.0
199.0,0.0
200.0,0.0
201.0,0.0
202.0,0.0
203.0,0.0
204.0,0.0
205.0,0.0
206.0,0.0
207.0,0.0
208.0,0.0
209.0,3.3578706060106285e-05
210.0,6.860632861255833e-05
211.0,6.727972643505037e-05
212.0,7.74398422348916e-05
213.0,8.894587698402655e-05
214.0,8.569652044917939e-05
215.0,8.560109545423446e-05
216.0,8.184417290391604e-05
217.0,7.795782383435185e-05
218.0,8.29197421387625e-05
219.0,7.277741532660736e-05
220.0,7.95227656464337e-05
221.0,6.818764958787458e-05
222.0,7.345655739353982e-05
223.0,6.966760003751423e-05
224.0,5.192277313408747e-05
225.0,3.919409130899165e-05
226.0,0.00018352005944376052
227.0,0.00025474075324469626
228.0,0.00024113353821189588
229.0,0.0001969164344773003
230.0,1.4788064057296901e-05
231.0,4.1629343725583245e-06
232.0,3.832068322626547e-06
233.0,4.301093643542154e-06
234.0,0.00014125253885658644
235.0,0.00019155267587439584
236.0,0.00021659308826481134
237.0,0.00023200214776031175
238.0,1.1755052483315142e-05
239.0,5.971968311420251e-05
240.0,7.411121674372163e-05
241.0,8.03279762874447e-05
242.0,7.474602625736218e-05
243.0,7.087272819556798e-05
244.0,7.42957393771218e-05
245.0,7.240027475815073e-05
246.0,7.175575287666048e-05
247.0,8.455388965200854e-05
248.0,7.132366855107508e-05
249.0,7.182342564188096e-05
250.0,8.658692351058594e-05
251.0,8.834061993583664e-05
252.0,7.251986932150435e-05
253.0,7.822465949053404e-05
254.0,8.702223537931833e-05
255.0,7.45297658575872e-05
256.0,8.262438960349709e-05
257.0,5.531348458686288e-05
258.0,5.2217002690830345e-05
259.0,8.88082656792775e-05
260.0,0.0002662264093401371
261.0,0.0002593296655780619
262.0,0.00025021680073089575
263.0,8.669506119387168e-05
264.0,4.822791692448037e-06
265.0,5.029375649316722e-06
266.0,4.321489529448747e-06
267.0,8.435015533930682e-05
268.0,0.00023176382281615913
269.0,0.00021956443059492476
270.0,0.00026011990869049146
271.0,0.00012324124319584986
272.0,6.009865417733942e-05
273.0,5.269216897245074e-05
274.0,9.333870498251493e-05
275.0,8.061835323685018e-05
276.0,7.315488620718873e-05
277.0,8.28356493237184e-05
278.0,7.704981316446736e-05
279.0,7.369015084197345e-05
280.0,8.805121786193906e-05
281.0,0.00010395389366499479
282.0,0.00010364692813422063
283.0,0.00010711434546326403
284.0,9.86990576813772e-05
285.0,8.879605692187026e-05
286.0,9.727277253198673e-05
287.0,0.00010010264706600599
288.0,8.571014825763129e-05
289.0,8.988719398764333e-05
290.0,7.909424421942608e-05
291.0,5.8321451758277074e-05
292.0,3.896851820107097e-05
293.0,0.00018505585543217783
294.0,0.00023239327566026578
295.0,0.00024404769263807106
296.0,0.00018974084692186
297.0,1.4953118421131663e-05
298.0,5.186363157900131e-06
299.0,4.778260350961317e-06
300.0,6.066887305390115e-06
301.0,0.000200004136220838
302.0,0.00023210423988583232
303.0,0.00021848292529507885
304.0,0.0002410305971700022
305.0,2.1406020641587145e-05
306.0,8.296506497022926e-05
307.0,8.039962428080537e-05
308.0,8.519849514016978e-05
309.0,8.731487094140232e-05
310.0,0.00010038381959389201
311.0,9.771978041829656e-05
312.0,0.00010384736949630456
313.0,8.934055928836517e-05
314.0,9.642097256614211e-05
315.0,0.00011802802506055757
316.0,0.00010917969987873459
317.0,9.92612182997592e-05
318.0,9.360455434162917e-05
319.0,0.00010221764951066722
320.0,9.176308224394616e-05
321.0,0.0001010830832179085
322.0,8.85777458470646e-05
323.0,9.406650925325457e-05
324.0,6.798635486523149e-05
325.0,6.592863860388633e-05
326.0,0.00010950639359461861
327.0,0.0003263980849077109
328.0,0.00032693997861981295
329.0,0.00029069804166409995
330.0,0.00012192136822061871
331.0,6.43023713042872e-06
332.0,6.733918011917589e-06
333.0,7.3033801488669905e-06
334.0,9.261261824605017e-05
335.0,0.00029978136074004124
336.0,0.0003109979567384806
337.0,0.0002761058318718499
338.0,0.00014348431280019355
339.0,8.730955160724171e-05
340.0,6.689637358617772e-05
341.0,9.579113170058732e-05
342.0,8.540987933485373e-05
343.0,8.72229947385497e-05
344.0,0.00010776134481520818
345.0,0.00011547323746788597
346.0,0.00012303463031318736
347.0,0.00011750516583946977
348.0,0.00011333368801516103
349.0,0.00014061260442354247
350.0,0.00011856452138873641
351.0,0.00012359747230682248
352.0,0.00011745584034202678
353.0,0.00012670893527162383
354.0,0.00012908633367419251
355.0,0.00010022611169592647
356.0,0.00010309266176362562
357.0,8.298901510083492e-05
358.0,7.250179481086985e-05
359.0,4.526645582491732e-05
360.0,0.00026856561151048224
361.0,0.0002861761624720117
362.0,0.00032599681943643787
363.0,0.0002467154096195734
364.0,1.0413703169304405e-05
365.0,6.462267264801943e-06
366.0,6.865230118578943e-06
367.0,7.284952109557651e-06
368.0,0.0001906185806333315
369.0,0.0002814773052951184
370.0,0.0002789837695194726
371.0,0.0002739946096387609
372.0,2.814142559486833e-05
373.0,8.100516074893677e-05
374.0,8.949088406289482e-05
375.0,0.00010183368698709223
376.0,0.00010075930172580924
377.0,0.00012209955480803474
378.0,0.00010649770034292897
379.0,0.0001083353361106245
380.0,0.00011804271449022198
381.0,0.00010636739815724252
382.0,0.0001239482920908893
383.0,0.00010492613921049902
384.0,0.00011632927474083471
385.0,0.00011118695626553845
386.0,0.00010560631370671857
387.0,0.00013133659597434774
388.0,0.00012447692248012036
389.0,9.766118808040729e-05
390.0,0.00011429144512313775
391.0,7.753985885155627e-05
392.0,9.584515814334987e-05
393.0,0.00012479706841077453
394.0,0.00035546370978823804
395.0,0.00034127640928200044
396.0,0.00033498617580639056
397.0,0.00013578673493926907
398.0,6.4574414805095055e-06
399.0,6.735083729575358e-06
400.0,7.989035850520497e-06
401.0,0.00010371025665731073
402.0,0.00032178863230741155
403.0,0.00036442449392730045
404.0,0.00034957903473493675
405.0,0.00015130117483756246
406.0,9.834331419282604e-05
407.0,8.369536127046696e-05
408.0,0.00010808402369026274
409.0,0.0001150929810752671
410.0,0.00012441889516674883
411.0,0.00013313682690082928
412.0,0.00014556513687009052
413.0,0.00013070075503810922
414.0,0.00013366946150451865
415.0,0.00012856700084043146
416.0,0.00012085888369916479
417.0,0.00011419210935421093
418.0,0.00011717593789307402
419.0,0.00011893054441637125
420.0,0.00012349195551636253
421.0,0.00014306771963835943
422.0,0.00010966572908368936
423.0,0.00010451861394099973
424.0,9.884046738024872e-05
425.0,7.618138536265999e-05
426.0,4.484175629868044e-05
427.0,0.00033535938467406915
428.0,0.00037458103868608496
429.0,0.0003728699867155615
430.0,0.0002528859298864829
431.0,1.4623872266193865e-05
432.0,7.1979549057223266e-06
433.0,6.362443256820329e-06
434.0,8.141815686592925e-06
435.0,0.00027027788627953314
436.0,0.0003959835518933935
437.0,0.00036269079603034666
438.0,0.00034247539285026183
439.0,2.6743648458200332e-05
440.0,8.105325089288112e-05
441.0,0.00010233288594080655
442.0,0.00011107141559097568
443.0,0.0001123690001986411
444.0,0.00012068630281274344
445.0,0.00011678020811528689
446.0,0.00013980596836636638
447.0,0.0001273998553879089
448.0,0.00012348146755051582
449.0,0.00011194281882296538
450.0,0.00010968375636865796
451.0,0.00011112625522521213
452.0,0.00012207090069676506
453.0,0.00013817868235156726
454.0,0.00013490596377432158
455.0,0.00011752893593106227
456.0,0.00011725663146209923
457.0,0.00011880630014415579
458.0,7.529182630637868e-05
459.0,7.0428599253033e-05
460.0,0.00013060250694478772
461.0,0.00031722122218258685
462.0,0.000318292451503435
463.0,0.0003224654220862918
464.0,0.00011972226179590644
465.0,6.884394792556103e-06
466.0,7.20435333445519e-06
467.0,6.857854998080194e-06
468.0,0.00010844082114933384
469.0,0.0002859029192258663
470.0,0.0003401263017465673
471.0,0.0003343587486841655
472.0,0.00014892986825407872
473.0,8.28027178327502e-05
474.0,8.631721033341161e-05
475.0,0.00011821960835037775
476.0,0.00010907296365952815
477.0,0.00011640926209841349
478.0,0.00012120818756541354
479.0,0.00011816407148696376
480.0,0.00011379459345559505
481.0,0.00011668605607976412
482.0,0.00010967527515838946
483.0,0.00011072888026631762
484.0,0.00011232202536992595
485.0,0.00011531909953119797
486.0,0.0001189899729143972
487.0,0.00012249938079325956
488.0,0.00011439175217796673
489.0,0.00011259038449820983
490.0,0.00011835829332749629
491.0,0.00010664701594008792
492.0,7.808119770783182e-05
493.0,4.0066804178510694e-05
494.0,0.0002876973596119717
495.0,0.00035449265624014613
496.0,0.00034466301796802875
497.0,0.00024217051986466802
498.0,1.1339391467378112e-05
499.0,7.964970962030701e-06
500.0,7.753335529545601e-06
501.0,1.1913466099370354e-05
502.0,0.0002482713172866854
503.0,0.00039231737681121314
504.0,0.0004083631479299912
505.0,0.0002989647856743158
506.0,3.51352394156837e-05
507.0,8.538697931410611e-05
508.0,9.991390537546956e-05
509.0,0.00011105169349810535
510.0,0.00011694310648336962
511.0,0.00012797536306994825
512.0,0.00012087108224394602
513.0,0.00012007825719076596
514.0,0.00011976864374868569
515.0,0.0001290962634394645
516.0,0.00011958753189221215
517.0,0.00012673115988830796
518.0,0.00011959766221383185
519.0,0.00012802958173613874
520.0,0.00013094077959719888
521.0,0.00014299746423904837
522.0,0.00012381281838347343
523.0,0.00010898223001040788
524.0,0.00010593542694669102
525.0,7.719652475304833e-05
526.0,7.325244350099339e-05
527.0,0.00012645230743511216
528.0,0.0003293005814689596
529.0,0.0004017822352694597
530.0,0.0003447789078755175
531.0,0.00011220968047842838
532.0,5.875768584359104e-06
533.0,6.023636427314507e-06
534.0,6.356928233510355e-06
535.0,0.00011086936218626042
536.0,0.00031951444906813675
537.0,0.0004125744425079551
538.0,0.000389996916546296
539.0,0.00012998018784732648
540.0,7.218678095454833e-05
541.0,7.369792619598088e-05
542.0,0.00010020534900377767
543.0,0.00010921860986246187
544.0,0.00012495120119998288
545.0,0.00012234394323197898
546.0,0.00012449650638527972
547.0,0.00011653331542113321
548.0,0.00011800442416852767
549.0,0.00012421836761033036
550.0,0.00012571869602643907
551.0,0.0001286258275451903
552.0,0.00012789515096759782
553.0,0.0001560031687875094
554.0,0.00013580240562912602
555.0,0.00011729992945852715
556.0,0.00010771032155215598
557.0,0.00011046331279221181
558.0,0.00010091498806708958
559.0,7.94628891693055e-05
560.0,3.097460920693641e-05
561.0,0.0003085868057448199
562.0,0.0003392208055072772
563.0,0.0003028982648496199
564.0,0.00022961498265852817
565.0,9.896823935523847e-06
566.0,6.276577523347636e-06
567.0,7.63316823548766e-06
568.0,1.2725182398923584e-05
569.0,0.0002522106053109138
570.0,0.0002813258912982418
571.0,0.0003352088033941296
572.0,0.0002860826246087569
573.0,5.10913879906805e-05
574.0,7.358167707684236e-05
575.0,0.00010109771794928025
576.0,0.00011504693652321978
577.0,0.00011501430953422854
578.0,0.0001262088386859866
579.0,0.0001152168547436352
580.0,0.0001105435159064552
581.0,0.00011371563649669132
582.0,0.00012018300374114583
583.0,0.00012025551436159747
584.0,0.00011836936577243533
585.0,0.00011544211822290789
586.0,0.000116583496551432
587.0,0.00013237891537188262
588.0,0.00012150699132467236
589.0,0.0001096453045425108
590.0,0.00010142962995838943
591.0,0.00010382726958257779
592.0,8.667373916883045e-05
593.0,8.380144435937942e-05
594.0,0.00016239151371147707
595.0,0.00028465168782588465
596.0,0.0002980945239439959
597.0,0.00030330362135761504
598.0,0.00013217879292759825
599.0,7.828602857162752e-06
600.0,7.2060303525584735e-06
601.0,7.476057897187722e-06
602.0,0.00011860308898012703
603.0,0.000290310259029327
604.0,0.00032923302215303804
605.0,0.000372560486891585
606.0,0.0001278441929754704
607.0,9.347991197429544e-05
608.0,8.814413178509414e-05
609.0,0.00011185651560676607
610.0,0.00011137982649656329
611.0,0.00010530716304682559
612.0,0.00011108879296032672
613.0,0.00013510841894895403
614.0,0.00012384775527885103
615.0,0.00012375194265108974
616.0,0.00012155204435419105
617.0,0.00011270751869439411
618.0,0.00012441335766272583
619.0,0.0001237408097965754
620.0,0.00012780091612943646
621.0,0.00011069654135689216
622.0,0.00011399999182453537
623.0,0.00010609171960735465
624.0,0.0001141196188118333
625.0,0.00010071554380499659
626.0,8.892705500512427e-05
627.0,3.1312822010912274e-05
628.0,0.00035455552184636457
629.0,0.0003659064587381353
630.0,0.0003584864931648031
631.0,0.00025605590358321567
632.0,7.346277256053038e-06
633.0,6.421783834543083e-06
634.0,6.613360086767267e-06
635.0,1.665824509785329e-05
636.0,0.00024075346348160262
637.0,0.0002893896643873462
638.0,0.00034706843404643445
639.0,0.00028836989826673434
640.0,5.7967786631189104e-05
641.0,6.815703797733004e-05
642.0,8.965579606980362e-05
643.0,0.00010217578330585227
644.0,0.00010209056590443786
645.0,0.00011008913861707684
646.0,0.00010877189551321357
647.0,0.00010965279583068351
648.0,0.00011028462579085477
649.0,0.00012910646670892406
650.0,0.00011607035011481352
651.0,0.00012162910346858534
652.0,0.00013061822627211147
653.0,0.00011162957273343529
654.0,0.0001076978113840674
655.0,0.00012806837040920817
656.0,0.0001220273182670451
657.0,9.823500176504069e-05
658.0,9.652917030428184e-05
659.0,7.622064325732345e-05
660.0,6.846459921036282e-05
661.0,0.00014040309194618967
662.0,0.0003336664317403951
663.0,0.00029767245985400136
664.0,0.000267290230933281
665.0,7.414751763698313e-05
666.0,6.809565029040041e-06
667.0,5.8966567419708636e-06
668.0,6.356735696279202e-06
669.0,0.00013007844516425767
670.0,0.00029711690582651866
671.0,0.00028474439266909057
672.0,0.00030371047480005296
673.0,0.00011781115011086548
674.0,8.376812748449898e-05
675.0,8.747537323377837e-05
676.0,0.00010131254191892658
677.0,0.00010134172678592078
678.0,9.746202448606309e-05
679.0,0.00010833040596545658
680.0,0.00012295111912063607
681.0,0.0001272271210229242
682.0,0.00011520455502333475
683.0,0.00010091526835870515
684.0,0.00010676180964891926
685.0,0.00010093938411451551
686.0,0.00011623139289243829
687.0,0.00010942811521061162
688.0,0.00010480879586334314
689.0,0.00010009891117358198
690.0,9.423487908048575e-05
691.0,9.963367044599088e-05
692.0,9.417371697383085e-05
693.0,8.57173093029388e-05
694.0,2.1716063754462298e-05
695.0,0.0002739407611770458
696.0,0.0002426862562778903
697.0,0.00024488544838362436
698.0,0.00017302749958731764
699.0,7.048527774609116e-06
700.0,6.014697603236445e-06
701.0,6.1127317113592964e-06
702.0,1.2779465722318614e-05
703.0,0.0002247789559758678
704.0,0.00036117263568417077
705.0,0.0002825314771081071
706.0,0.00023112592010022536
707.0,4.0709605572830616e-05
708.0,5.173399540833624e-05
709.0,6.839010629403427e-05
710.0,8.785413829394923e-05
711.0,0.00010086082071139132
712.0,0.00010957785287535343
713.0,9.483501938030659e-05
714.0,8.712429351553662e-05
715.0,9.223891776290165e-05
716.0,0.00010622019352810861
717.0,9.215465437153053e-05
718.0,9.897831897925631e-05
719.0,9.794707834564408e-05
720.0,9.058976099835766e-05
721.0,9.02396969317812e-05
722.0,8.613152589439898e-05
723.0,7.938850304863909e-05
724.0,8.547917144568344e-05
725.0,9.425274218558817e-05
726.0,6.009774879337873e-05
727.0,5.559731507861644e-05
728.0,0.00012505793095346507
729.0,0.0002753758371593158
730.0,0.0002664089942785081
731.0,0.00022451979445694008
732.0,7.933411564509875e-05
733.0,5.5887645934394334e-06
734.0,5.13932783011576e-06
735.0,5.368782396898589e-06
736.0,8.534616680950756e-05
737.0,0.00022877556466072203
738.0,0.00029512375406547575
739.0,0.0002567507675078321
740.0,0.00010250883811149903
741.0,7.280458395945359e-05
742.0,5.65466640641396e-05
743.0,8.212700824709996e-05
744.0,8.01791815209223e-05
745.0,7.670092490578089e-05
746.0,8.234656741664851e-05
747.0,8.873734336726564e-05
748.0,9.318432888911417e-05
749.0,9.286680431876457e-05
750.0,8.633054348479251e-05
751.0,9.497853943333297e-05
752.0,8.8348155560307e-05
753.0,9.001480714789761e-05
754.0,9.663369926002145e-05
755.0,0.00010141256398113326
756.0,8.577984080214444e-05
757.0,6.949565425363925e-05
758.0,7.467004813807469e-05
759.0,7.145505526704586e-05
760.0,6.916100269998571e-05
761.0,1.3692735137270354e-05
762.0,0.00022221127657259698
763.0,0.0002669689722487065
764.0,0.00021164651899444254
765.0,0.00014869907870616845
766.0,5.542295034547351e-06
767.0,4.843504303987267e-06
768.0,4.588390945369257e-06
769.0,1.2604309080905165e-05
770.0,0.00017194885357465201
771.0,0.00022597638183887613
772.0,0.00021378655704528925
773.0,0.00018219610169326254
774.0,3.1328641756850036e-05
775.0,4.2636810779723907e-05
776.0,6.271003383465173e-05
777.0,7.104926430350003e-05
778.0,7.924817315796938e-05
779.0,8.236809337014302e-05
780.0,7.099790110053025e-05
781.0,8.323794795698e-05
782.0,8.016031652304273e-05
783.0,6.099390787849076e-05
784.0,7.557864686371362e-05
785.0,7.01384632945034e-05
786.0,8.888615002123803e-05
787.0,8.528081401605454e-05
788.0,7.090360252828605e-05
789.0,8.202256409922268e-05
790.0,4.253559818193446e-05
791.0,0.0
792.0,0.0
793.0,0.0
794.0,0.0
795.0,0.0
796.0,0.0
797.0,0.0
798.0,0.0
799.0,0.0
800.0,0.0
801.0,0.0
802.0,1.1658833660361754e-05
803.0,0.00012347042640995203
804.0,0.00011871390608987961
805.0,0.00011120100426340749
806.0,1.7981607786915217e-05
807.0,0.0
808.0,0.0
809.0,8.1075409329483e-05
810.0,0.00011967240061833672
811.0,0.00013622444901868993
812.0,0.00010807545652695194
813.0,0.00010167766332024339
814.0,0.0001107368653879202
815.0,0.00011035200071164732
816.0,0.00013704345085317881
817.0,0.00012297030479361778
818.0,0.00014465007812013565
819.0,0.00013099071599889927
820.0,0.0001382528195898727
821.0,0.00011485893142155248
822.0,0.0001221372374793666
823.0,0.00010546784246488542
824.0,0.00010150738119221999
825.0,9.599356687778321e-05
826.0,0.00011567801400356434
827.0,0.00010915932196397243
828.0,0.00010939196342617494
829.0,0.0001125576933726199
830.0,0.00011176921394195427
831.0,0.00010691253844685093
832.0,8.498732009362961e-05
833.0,7.462086224372157e-05
834.0,9.750503540049801e-05
835.0,0.00010363272372809239
836.0,8.366735811844898e-05
837.0,8.662341211562238e-05
838.0,3.053195720087964e-05
839.0,0.0
840.0,0.0
841.0,4.395057890935208e-05
842.0,8.523074008824927e-05
843.0,8.671962734233244e-05
844.0,7.736559043385704e-05
845.0,9.439372867991094e-05
846.0,9.94461187652107e-05
847.0,7.524240899891015e-05
848.0,7.77471884972106e-05
849.0,8.366686696474127e-05
850.0,9.064376285364875e-05
851.0,9.145162359682815e-05
852.0,9.876257911804627e-05
853.0,8.01926468988706e-05
854.0,9.238444459189669e-05
855.0,8.811569734328119e-05
856.0,8.36218673956227e-05
857.0,8.087430348814629e-05
858.0,6.104666063496135e-05
859.0,8.243042770948764e-05
860.0,9.01579048959022e-05
861.0,8.80229685542878e-05
862.0,7.188991982188792e-05
863.0,6.282731437723075e-05
864.0,6.966058724214014e-05
865.0,6.051098989583666e-05
866.0,6.341089111276403e-05
867.0,6.034109671915223e-05
868.0,6.174642332847941e-05
869.0,6.13340665065677e-05
870.0,6.916179981905723e-05
871.0,9.113427793327475e-05
872.0,6.707937402026678e-05
873.0,7.488706338783218e-05
874.0,6.563324796184671e-05
875.0,6.800722207514906e-05
876.0,6.386192361759586e-05
877.0,6.727448093125839e-05
878.0,8.092894316490824e-05
879.0,7.858259465280543e-05
880.0,8.067063605114369e-05
881.0,8.705235795096533e-05
882.0,9.237354008645476e-05
883.0,6.886255404721352e-05
884.0,6.796161510773209e-05
885.0,8.213641868203514e-05
886.0,8.122024023899981e-05
887.0,6.690512076383568e-05
888.0,7.670828113920001e-05
889.0,7.119806975027075e-05
890.0,7.631595787874096e-05
891.0,6.65486929509429e-05
892.0,7.711379136280712e-05
893.0,7.425332170140603e-05
894.0,8.166031608322183e-05
895.0,6.921117343680697e-05
896.0,8.712851988817821e-05
897.0,6.898865846149514e-05
898.0,8.048351712742323e-05
899.0,7.516601110302454e-05
900.0,7.454892850924012e-05
901.0,8.421336201604308e-05
902.0,8.858925242839599e-05
903.0,8.734451261517448e-05
904.0,8.911835506762295e-05
905.0,6.39158182910154e-05
906.0,7.300724211869964e-05
907.0,7.00017067816912e-05
908.0,7.221891043194151e-05
909.0,9.793559769395087e-05
910.0,9.690648638309196e-05
911.0,8.953418213925755e-05
912.0,8.969080264783244e-05
913.0,9.383300809330017e-05
914.0,8.562794314880081e-05
915.0,8.813729364570943e-05
916.0,0.00010570564579179972
917.0,8.024683373740963e-05
918.0,9.672049266271059e-05
919.0,9.690456429976027e-05
920.0,8.660006887425097e-05
921.0,8.133462367262578e-05
922.0,9.277433734012253e-05
923.0,9.53278438600154e-05
924.0,8.767571081888715e-05
925.0,9.019974500661863e-05
926.0,7.947013473277222e-05
927.0,8.027093898577809e-05
928.0,0.00011126724358065143
929.0,8.899541051194507e-05
930.0,9.089419763983183e-05
931.0,0.00010298907792813871
932.0,0.00011110434464535543
933.0,0.00010099394560815971
934.0,0.00010016449393830054
935.0,9.930388188737637e-05
936.0,8.521131625825558e-05
937.0,7.662728576643654e-05
938.0,8.637323724060801e-05
939.0,8.137058171191647e-05
940.0,7.775427737239698e-05
941.0,0.00010026288651634102
942.0,0.00010939078452091355
943.0,8.701180807167798e-05
944.0,0.00010915171008692487
945.0,0.00010103886791854383
946.0,0.00010447482811395045
947.0,0.00011886272755579698
948.0,0.00011667586742660772
949.0,8.595793494293288e-05
950.0,0.00010613665377387369
951.0,8.306944757659115e-05
952.0,8.72227938742988e-05
953.0,0.00010588879808397682
954.0,9.677795641420251e-05
955.0,9.779873216728271e-05
956.0,9.689089618448673e-05
957.0,0.00010287367250706869
958.0,9.147519967169507e-05
959.0,8.152162845703857e-05
960.0,8.20946196181352e-05
961.0,8.452425793708322e-05
962.0,7.542439696304456e-05
963.0,7.555118406698417e-05
964.0,9.525493953921552e-05
965.0,8.884204416406906e-05
966.0,7.813852199445417e-05
967.0,7.70759796453266e-05
968.0,7.738033887672214e-05
969.0,6.845554273398562e-05
970.0,6.36125656353625e-05
971.0,9.516478291517059e-05
972.0,8.800302184440658e-05
973.0,0.00010172221147778765
974.0,0.00010252149854296386
975.0,8.683205933482599e-05
976.0,0.00010112721613760876
977.0,9.380706256838207e-05
978.0,9.171274889659698e-05
979.0,0.00010259259429510637
980.0,9.734672612536905e-05
981.0,9.354998325182722e-05
982.0,7.995277753805436e-05
983.0,0.000103442801564423
984.0,7.54700992207444e-05
985.0,8.034582850424689e-05
986.0,7.357272912325202e-05
987.0,8.248060967204004e-05
988.0,7.139860767025255e-05
989.0,7.965093019625853e-05
990.0,8.75256528239331e-05
991.0,9.749214997445593e-06
992.0,0.0
993.0,0.0
994.0,5.912311720652215e-06
995.0,1.0195625538430016e-05
996.0,8.926979333373681e-06
997.0,1.075287911830727e-05
998.0,1.2183382038214749e-05
999.0,1.0709099646560111e-05
